full name,url,description,size,#stars,#forks,created at,last updated,last pushed,clone url
varphone/busybox,https://github.com/varphone/busybox,BusyBox mirror,27701,0,0,2017-04-03T02:58:12Z,2017-04-03T02:58:17Z,2017-04-03T04:04:11Z,git://github.com/varphone/busybox.git
glwu/busybox,https://github.com/glwu/busybox,BusyBox mirror,27686,0,0,2017-03-30T15:42:15Z,2017-03-30T15:42:22Z,2017-03-29T02:00:12Z,git://github.com/glwu/busybox.git
dingyonghu/busybox,https://github.com/dingyonghu/busybox,BusyBox mirror,27686,0,0,2017-03-28T21:35:49Z,2017-03-28T21:35:54Z,2017-03-28T02:00:08Z,git://github.com/dingyonghu/busybox.git
sochinpub/busybox,https://github.com/sochinpub/busybox,BusyBox mirror,27675,0,0,2017-03-26T14:42:02Z,2017-03-26T14:42:07Z,2017-03-25T02:00:09Z,git://github.com/sochinpub/busybox.git
jgriepentrog/busybox,https://github.com/jgriepentrog/busybox,BusyBox mirror,27648,0,0,2017-03-24T04:50:16Z,2017-03-24T04:50:21Z,2017-03-24T02:00:10Z,git://github.com/jgriepentrog/busybox.git
zhangguodong0728/busybox,https://github.com/zhangguodong0728/busybox,BusyBox mirror,27639,0,0,2017-03-21T12:25:02Z,2017-03-21T12:25:07Z,2017-03-17T02:00:10Z,git://github.com/zhangguodong0728/busybox.git
sklli/busybox,https://github.com/sklli/busybox,BusyBox mirror,27633,1,0,2017-03-15T05:20:22Z,2017-03-15T05:33:27Z,2017-03-14T02:00:09Z,git://github.com/sklli/busybox.git
gwx324/busybox,https://github.com/gwx324/busybox,BusyBox mirror,27670,0,0,2017-02-23T07:07:45Z,2017-02-23T07:07:52Z,2017-02-18T03:00:08Z,git://github.com/gwx324/busybox.git
ElTopo/busybox,https://github.com/ElTopo/busybox,BusyBox mirror,27627,0,0,2017-02-17T21:52:40Z,2017-02-17T21:52:46Z,2017-02-17T03:00:08Z,git://github.com/ElTopo/busybox.git
asammouda/busybox,https://github.com/asammouda/busybox,BusyBox mirror,27640,0,0,2017-02-14T15:51:28Z,2017-02-14T15:51:34Z,2017-02-15T12:08:21Z,git://github.com/asammouda/busybox.git
xroumegue/busybox,https://github.com/xroumegue/busybox,BusyBox mirror,27730,0,0,2017-01-30T13:34:28Z,2017-01-30T13:34:34Z,2017-01-30T16:00:55Z,git://github.com/xroumegue/busybox.git
srf1986/busybox,https://github.com/srf1986/busybox,BusyBox mirror,27575,0,0,2017-01-25T14:04:00Z,2017-01-25T14:04:07Z,2017-01-25T03:00:08Z,git://github.com/srf1986/busybox.git
LeonZhouH/busybox,https://github.com/LeonZhouH/busybox,BusyBox mirror,27396,0,0,2017-01-23T03:28:43Z,2017-01-23T03:28:50Z,2017-01-23T03:00:07Z,git://github.com/LeonZhouH/busybox.git
ZhangMiao1996/busybox,https://github.com/ZhangMiao1996/busybox,BusyBox mirror,28062,0,0,2017-01-18T10:07:34Z,2017-01-18T10:07:40Z,2017-01-18T03:00:08Z,git://github.com/ZhangMiao1996/busybox.git
zhengbinphp/busybox,https://github.com/zhengbinphp/busybox,BusyBox mirror,28003,0,0,2017-01-17T03:24:23Z,2017-01-17T03:24:30Z,2017-01-17T03:00:10Z,git://github.com/zhengbinphp/busybox.git
dexter-cn/busybox,https://github.com/dexter-cn/busybox,BusyBox mirror,27111,0,0,2017-01-07T05:15:43Z,2017-01-07T05:15:49Z,2017-01-07T03:00:10Z,git://github.com/dexter-cn/busybox.git
j7fantasy/busybox,https://github.com/j7fantasy/busybox,BusyBox mirror,26994,0,0,2017-01-06T04:54:21Z,2017-01-06T04:54:27Z,2017-01-06T03:00:08Z,git://github.com/j7fantasy/busybox.git
xiaowandou521/busybox,https://github.com/xiaowandou521/busybox,BusyBox mirror,26970,1,0,2017-01-03T08:39:28Z,2017-01-03T08:39:41Z,2017-01-03T03:00:06Z,git://github.com/xiaowandou521/busybox.git
hoangtrung225/busybox,https://github.com/hoangtrung225/busybox,BusyBox mirror,26962,0,0,2016-12-29T02:53:30Z,2016-12-29T02:53:36Z,2016-12-26T03:00:09Z,git://github.com/hoangtrung225/busybox.git
ShayDamir/busybox,https://github.com/ShayDamir/busybox,BusyBox mirror,26964,0,0,2016-12-26T16:31:00Z,2016-12-26T16:31:06Z,2016-12-26T16:33:34Z,git://github.com/ShayDamir/busybox.git
TamirSagiGimso/busybox,https://github.com/TamirSagiGimso/busybox,BusyBox mirror,36044,0,0,2016-12-15T22:54:06Z,2016-12-15T22:54:12Z,2016-12-13T03:00:09Z,git://github.com/TamirSagiGimso/busybox.git
kuscsik/busybox,https://github.com/kuscsik/busybox,BusyBox mirror,26899,0,0,2016-12-12T18:08:29Z,2016-12-12T18:08:35Z,2016-12-12T18:12:10Z,git://github.com/kuscsik/busybox.git
tiansin/busybox,https://github.com/tiansin/busybox,BusyBox mirror,35967,0,0,2016-12-09T06:00:04Z,2016-12-09T06:00:09Z,2016-12-09T03:00:07Z,git://github.com/tiansin/busybox.git
butla1341/busybox,https://github.com/butla1341/busybox,BusyBox mirror,36234,0,0,2016-12-04T06:25:25Z,2016-12-04T06:25:30Z,2016-12-04T03:00:08Z,git://github.com/butla1341/busybox.git
cta08403/busybox-1,https://github.com/cta08403/busybox-1,BusyBox mirror,36205,0,0,2016-12-01T18:42:18Z,2016-12-01T18:42:24Z,2016-11-28T03:00:08Z,git://github.com/cta08403/busybox-1.git
vasilenkomike/busybox,https://github.com/vasilenkomike/busybox,BusyBox mirror,36205,0,0,2016-11-29T04:21:38Z,2016-11-29T04:21:43Z,2016-11-28T03:00:08Z,git://github.com/vasilenkomike/busybox.git
ELWIN-MAO/busybox,https://github.com/ELWIN-MAO/busybox,BusyBox mirror,35806,0,0,2016-11-21T12:06:49Z,2016-11-21T12:06:54Z,2016-11-21T03:00:08Z,git://github.com/ELWIN-MAO/busybox.git
15903016222/busybox,https://github.com/15903016222/busybox,BusyBox mirror,36556,0,0,2016-11-09T07:30:52Z,2016-11-09T07:30:57Z,2016-11-09T03:00:08Z,git://github.com/15903016222/busybox.git
pacepi/busybox,https://github.com/pacepi/busybox,BusyBox mirror,36137,0,0,2016-11-07T00:18:27Z,2016-11-07T00:18:32Z,2016-11-05T02:00:07Z,git://github.com/pacepi/busybox.git
dgyoganantha/busybox,https://github.com/dgyoganantha/busybox,BusyBox mirror,35614,0,0,2016-10-18T09:25:56Z,2016-10-18T09:26:01Z,2016-10-15T02:00:09Z,git://github.com/dgyoganantha/busybox.git
wowotechTools/busybox,https://github.com/wowotechTools/busybox,BusyBox mirror,35614,0,0,2016-10-18T08:53:27Z,2016-10-18T08:53:33Z,2016-10-15T02:00:09Z,git://github.com/wowotechTools/busybox.git
blastrock/busybox,https://github.com/blastrock/busybox,BusyBox mirror,26659,0,0,2016-10-09T14:53:23Z,2016-10-09T14:53:29Z,2016-10-09T15:06:36Z,git://github.com/blastrock/busybox.git
sugawaray/busybox,https://github.com/sugawaray/busybox,BusyBox mirror,26995,0,0,2016-09-26T13:47:12Z,2016-09-26T13:47:17Z,2016-10-02T01:06:44Z,git://github.com/sugawaray/busybox.git
zhangheng408/busybox,https://github.com/zhangheng408/busybox,BusyBox mirror,35417,0,0,2016-09-24T04:43:45Z,2016-09-24T04:43:50Z,2016-09-23T02:00:10Z,git://github.com/zhangheng408/busybox.git
tigerxiao/busybox,https://github.com/tigerxiao/busybox,BusyBox mirror,35349,0,0,2016-09-14T07:39:11Z,2016-09-14T07:39:17Z,2016-09-14T02:00:11Z,git://github.com/tigerxiao/busybox.git
marcinpe/busybox,https://github.com/marcinpe/busybox,BusyBox mirror,35342,0,0,2016-09-13T02:04:50Z,2016-09-13T02:04:56Z,2016-09-08T02:00:09Z,git://github.com/marcinpe/busybox.git
ChunHungLiu/busybox,https://github.com/ChunHungLiu/busybox,BusyBox mirror,35333,0,0,2016-09-06T16:15:13Z,2016-09-06T16:15:18Z,2016-09-06T02:00:10Z,git://github.com/ChunHungLiu/busybox.git
s7udi0/busybox,https://github.com/s7udi0/busybox,BusyBox mirror,35310,0,0,2016-08-31T13:25:21Z,2016-08-31T13:25:26Z,2016-08-30T02:00:10Z,git://github.com/s7udi0/busybox.git
lategoodbye/busybox,https://github.com/lategoodbye/busybox,BusyBox mirror,26210,0,0,2016-08-30T07:40:47Z,2016-08-30T07:40:52Z,2016-08-30T09:38:44Z,git://github.com/lategoodbye/busybox.git
jatedev/busybox,https://github.com/jatedev/busybox,BusyBox mirror,26138,0,0,2016-08-09T21:57:57Z,2016-08-09T21:58:02Z,2016-08-11T15:11:17Z,git://github.com/jatedev/busybox.git
iomaster/busybox,https://github.com/iomaster/busybox,BusyBox mirror,35235,0,0,2016-08-07T11:38:40Z,2016-08-07T11:38:45Z,2016-08-02T02:00:09Z,git://github.com/iomaster/busybox.git
huawenyu/busybox,https://github.com/huawenyu/busybox,BusyBox mirror,35210,0,0,2016-07-16T13:40:25Z,2016-07-16T13:40:29Z,2016-07-15T02:01:08Z,git://github.com/huawenyu/busybox.git
linux4hach/busybox,https://github.com/linux4hach/busybox,BusyBox mirror,35206,0,1,2016-07-13T18:35:23Z,2016-07-13T18:35:28Z,2016-07-13T02:00:08Z,git://github.com/linux4hach/busybox.git
skyformat99/busybox,https://github.com/skyformat99/busybox,BusyBox mirror,35117,0,0,2016-06-30T02:35:51Z,2016-06-30T02:35:56Z,2016-06-30T02:00:09Z,git://github.com/skyformat99/busybox.git
syphyr/busybox-1,https://github.com/syphyr/busybox-1,BusyBox mirror,26079,0,0,2016-06-29T00:36:07Z,2016-06-29T00:36:12Z,2016-06-29T01:19:57Z,git://github.com/syphyr/busybox-1.git
jcadduono/android_external_busybox,https://github.com/jcadduono/android_external_busybox,BusyBox for Android. tailored to recovery environment,25383,1,1,2016-06-16T20:51:07Z,2016-06-21T23:17:31Z,2016-06-16T21:34:57Z,git://github.com/jcadduono/android_external_busybox.git
lamproae/busybox,https://github.com/lamproae/busybox,BusyBox mirror,35116,0,0,2016-06-12T12:54:11Z,2016-06-12T12:54:16Z,2016-06-06T02:00:08Z,git://github.com/lamproae/busybox.git
AlexShiLucky/busybox,https://github.com/AlexShiLucky/busybox,BusyBox mirror,35161,0,0,2016-05-26T12:23:49Z,2016-05-26T12:23:54Z,2016-05-07T02:00:08Z,git://github.com/AlexShiLucky/busybox.git
luoxiaobing/busybox,https://github.com/luoxiaobing/busybox,BusyBox mirror,35161,0,0,2016-05-14T14:58:02Z,2016-05-14T14:58:07Z,2016-05-07T02:00:08Z,git://github.com/luoxiaobing/busybox.git
SonelSA/busybox,https://github.com/SonelSA/busybox,BusyBox mirror,26065,0,0,2016-05-04T09:09:52Z,2016-05-04T09:09:56Z,2016-05-04T13:24:10Z,git://github.com/SonelSA/busybox.git
bingxuechangya/busybox,https://github.com/bingxuechangya/busybox,BusyBox mirror,34805,0,0,2016-05-04T04:01:45Z,2016-05-04T04:01:49Z,2016-04-25T02:00:06Z,git://github.com/bingxuechangya/busybox.git
abodu/busybox,https://github.com/abodu/busybox,BusyBox mirror,34805,0,0,2016-04-27T08:08:04Z,2016-04-27T08:08:09Z,2016-04-25T02:00:06Z,git://github.com/abodu/busybox.git
jlopenwrtluci/busybox,https://github.com/jlopenwrtluci/busybox,BusyBox mirror,30864,0,0,2016-04-15T09:25:19Z,2016-04-15T09:25:24Z,2016-04-08T02:00:08Z,git://github.com/jlopenwrtluci/busybox.git
georgexuedz/busybox,https://github.com/georgexuedz/busybox,BusyBox mirror,30864,0,0,2016-04-15T07:27:23Z,2016-04-15T07:27:27Z,2016-04-08T02:00:08Z,git://github.com/georgexuedz/busybox.git
killinux/busybox,https://github.com/killinux/busybox,BusyBox mirror,30864,1,0,2016-04-07T07:45:56Z,2016-04-07T07:46:00Z,2016-04-05T02:00:07Z,git://github.com/killinux/busybox.git
kuailehaibin/busybox,https://github.com/kuailehaibin/busybox,BusyBox mirror,30751,1,0,2016-03-29T07:05:00Z,2016-03-29T07:05:17Z,2016-03-29T02:00:08Z,git://github.com/kuailehaibin/busybox.git
GNS3/busybox,https://github.com/GNS3/busybox,BusyBox mirror,25680,2,0,2016-03-24T09:45:04Z,2016-07-04T20:50:45Z,2016-06-14T20:57:59Z,git://github.com/GNS3/busybox.git
eldondev/busybox,https://github.com/eldondev/busybox,BusyBox mirror,25307,0,0,2016-03-08T03:29:14Z,2016-03-08T03:29:19Z,2016-03-09T06:32:51Z,git://github.com/eldondev/busybox.git
evilperfect/busybox,https://github.com/evilperfect/busybox,BusyBox mirror,25279,0,0,2016-03-05T15:47:03Z,2016-03-05T15:47:07Z,2016-03-06T04:25:27Z,git://github.com/evilperfect/busybox.git
Crobisaur/busybox,https://github.com/Crobisaur/busybox,BusyBox mirror,30567,0,0,2016-02-25T04:18:24Z,2016-02-25T04:18:29Z,2016-02-24T01:59:50Z,git://github.com/Crobisaur/busybox.git
rmbking/busybox,https://github.com/rmbking/busybox,BusyBox mirror,30567,0,0,2016-02-24T11:56:32Z,2016-02-24T11:56:36Z,2016-02-24T01:59:50Z,git://github.com/rmbking/busybox.git
binape/busybox,https://github.com/binape/busybox,BusyBox mirror,30565,0,0,2016-02-15T13:58:42Z,2016-02-15T13:58:46Z,2016-02-13T15:53:11Z,git://github.com/binape/busybox.git
AVICLAR/busybox,https://github.com/AVICLAR/busybox,BusyBox mirror,30534,0,0,2016-02-10T20:13:11Z,2016-02-10T20:13:15Z,2016-02-01T03:00:06Z,git://github.com/AVICLAR/busybox.git
fjjupc/busybox,https://github.com/fjjupc/busybox,git://busybox.net/busybox.git,25806,0,0,2016-01-14T15:38:07Z,2016-01-14T15:38:11Z,2015-03-22T08:00:16Z,git://github.com/fjjupc/busybox.git
srg-imperial/busybox,https://github.com/srg-imperial/busybox,git://busybox.net/busybox.git,24567,0,0,2016-01-04T17:42:48Z,2016-01-05T18:23:30Z,2016-01-19T18:26:18Z,git://github.com/srg-imperial/busybox.git
zebMcCorkle/busybox,https://github.com/zebMcCorkle/busybox,git://busybox.net/busybox.git,25806,0,0,2015-12-17T02:51:34Z,2015-12-17T02:51:39Z,2015-03-22T08:00:16Z,git://github.com/zebMcCorkle/busybox.git
christophgysin/busybox,https://github.com/christophgysin/busybox,git://busybox.net/busybox.git,25174,0,0,2015-12-01T09:23:03Z,2015-12-01T09:23:12Z,2015-12-01T11:53:44Z,git://github.com/christophgysin/busybox.git
WenqiangXie/busybox,https://github.com/WenqiangXie/busybox,git://busybox.net/busybox.git,25806,0,0,2015-11-11T15:19:05Z,2015-11-11T15:19:14Z,2015-03-22T08:00:16Z,git://github.com/WenqiangXie/busybox.git
crossbuild/busybox,https://github.com/crossbuild/busybox,git://busybox.net/busybox.git,25122,0,0,2015-11-05T05:31:24Z,2015-11-05T05:31:32Z,2016-07-07T06:06:20Z,git://github.com/crossbuild/busybox.git
zhangweichina111/busybox,https://github.com/zhangweichina111/busybox,git://busybox.net/busybox.git,25806,0,0,2015-10-27T05:51:44Z,2015-10-27T05:51:53Z,2015-03-22T08:00:16Z,git://github.com/zhangweichina111/busybox.git
Shimejing/busybox,https://github.com/Shimejing/busybox,git://busybox.net/busybox.git,25806,1,0,2015-09-13T15:06:09Z,2015-09-13T15:15:26Z,2015-03-22T08:00:16Z,git://github.com/Shimejing/busybox.git
yytang2012/busybox,https://github.com/yytang2012/busybox,git://busybox.net/busybox.git,26843,0,0,2015-09-12T13:20:21Z,2015-09-12T13:20:25Z,2015-09-20T18:16:28Z,git://github.com/yytang2012/busybox.git
Katarzynasrom/busybox-1,https://github.com/Katarzynasrom/busybox-1,git://busybox.net/busybox.git,25806,0,0,2015-08-21T13:48:29Z,2015-08-21T13:48:33Z,2015-03-22T08:00:16Z,git://github.com/Katarzynasrom/busybox-1.git
kangear/busybox,https://github.com/kangear/busybox,git://busybox.net/busybox.git,25806,0,0,2015-08-20T08:36:29Z,2015-08-20T08:36:33Z,2015-03-22T08:00:16Z,git://github.com/kangear/busybox.git
liudongmiao/busybox,https://github.com/liudongmiao/busybox,git://busybox.net/busybox.git,24803,0,0,2015-08-10T15:57:02Z,2015-08-10T15:57:06Z,2015-08-10T16:07:34Z,git://github.com/liudongmiao/busybox.git
cumirror/busybox,https://github.com/cumirror/busybox,git://busybox.net/busybox.git,25806,0,0,2015-08-09T09:56:21Z,2015-08-09T09:56:25Z,2015-03-22T08:00:16Z,git://github.com/cumirror/busybox.git
nickhen/busybox,https://github.com/nickhen/busybox,git://busybox.net/busybox.git,25806,0,0,2015-07-05T04:55:11Z,2015-07-05T04:55:16Z,2015-03-22T08:00:16Z,git://github.com/nickhen/busybox.git
liwq-xian/busybox,https://github.com/liwq-xian/busybox,git://busybox.net/busybox.git,25806,0,0,2015-06-30T14:52:33Z,2015-06-30T14:52:37Z,2015-03-22T08:00:16Z,git://github.com/liwq-xian/busybox.git
limohua/busybox,https://github.com/limohua/busybox,git://busybox.net/busybox.git,25806,0,0,2015-06-23T08:09:00Z,2015-06-23T08:09:04Z,2015-03-22T08:00:16Z,git://github.com/limohua/busybox.git
jaej-dev/busybox,https://github.com/jaej-dev/busybox,git://busybox.net/busybox.git,25516,0,0,2015-06-19T01:28:16Z,2015-06-19T01:34:39Z,2014-06-30T22:01:09Z,git://github.com/jaej-dev/busybox.git
outro56/busybox,https://github.com/outro56/busybox,git://busybox.net/busybox.git,25806,0,0,2015-05-13T12:59:53Z,2015-05-13T12:59:58Z,2015-03-22T08:00:16Z,git://github.com/outro56/busybox.git
toddClark333/busybox,https://github.com/toddClark333/busybox,git://busybox.net/busybox.git,25806,0,0,2015-05-03T11:24:12Z,2015-05-03T11:24:16Z,2015-03-22T08:00:16Z,git://github.com/toddClark333/busybox.git
bjoern-r/busybox,https://github.com/bjoern-r/busybox,git://busybox.net/busybox.git,24296,0,0,2015-04-15T19:35:43Z,2015-04-15T19:35:48Z,2015-04-15T19:51:35Z,git://github.com/bjoern-r/busybox.git
s05427226/busybox,https://github.com/s05427226/busybox,git://busybox.net/busybox.git,25806,0,0,2015-03-26T00:52:16Z,2015-03-26T00:52:20Z,2015-03-22T08:00:16Z,git://github.com/s05427226/busybox.git
svalleru/busybox,https://github.com/svalleru/busybox,git://busybox.net/busybox.git,25730,0,0,2015-03-20T19:32:28Z,2015-03-20T19:32:32Z,2015-03-08T08:18:54Z,git://github.com/svalleru/busybox.git
shugaoye/busybox,https://github.com/shugaoye/busybox,git://busybox.net/busybox.git,24148,0,1,2015-03-01T09:42:33Z,2015-03-01T09:42:37Z,2015-03-01T08:00:46Z,git://github.com/shugaoye/busybox.git
yanxuex/busybox,https://github.com/yanxuex/busybox,git://busybox.net/busybox.git,24122,0,0,2015-02-02T08:58:30Z,2015-02-02T08:58:34Z,2015-02-01T08:01:23Z,git://github.com/yanxuex/busybox.git
yywf/busybox,https://github.com/yywf/busybox,git://busybox.net/busybox.git,25548,0,0,2015-01-16T08:51:21Z,2015-01-16T08:51:25Z,2015-01-11T08:00:32Z,git://github.com/yywf/busybox.git
zzfree54/busybox,https://github.com/zzfree54/busybox,git://busybox.net/busybox.git,25540,0,0,2015-01-08T17:09:31Z,2015-01-08T17:09:35Z,2015-01-04T08:00:46Z,git://github.com/zzfree54/busybox.git
cooldroid/busybox,https://github.com/cooldroid/busybox,git://busybox.net/busybox.git,28767,0,0,2015-01-01T09:58:37Z,2016-01-13T19:24:32Z,2017-02-12T16:10:38Z,git://github.com/cooldroid/busybox.git
hexiaoyuan/busybox,https://github.com/hexiaoyuan/busybox,git://busybox.net/busybox.git,25445,0,0,2014-12-17T12:38:56Z,2014-12-17T12:39:01Z,2014-12-15T23:01:16Z,git://github.com/hexiaoyuan/busybox.git
igou/busybox,https://github.com/igou/busybox,git://busybox.net/busybox.git,25451,0,0,2014-12-12T14:13:25Z,2014-12-12T14:13:30Z,2015-11-11T10:02:33Z,git://github.com/igou/busybox.git
surround-io/busybox,https://github.com/surround-io/busybox,git://busybox.net/busybox.git,23644,0,0,2014-08-20T00:01:26Z,2014-08-16T07:36:43Z,2014-10-21T05:32:58Z,git://github.com/surround-io/busybox.git
wutiejun/busybox,https://github.com/wutiejun/busybox,git://busybox.net/busybox.git,24445,0,0,2014-08-07T14:34:46Z,2015-04-16T13:47:44Z,2015-04-16T13:47:40Z,git://github.com/wutiejun/busybox.git
infoburp/busybox,https://github.com/infoburp/busybox,git://busybox.net/busybox.git,23572,0,0,2014-07-05T04:42:36Z,2014-07-02T07:25:39Z,2014-07-04T22:01:30Z,git://github.com/infoburp/busybox.git
ddrown/busybox,https://github.com/ddrown/busybox,git://busybox.net/busybox.git,23656,1,2,2014-06-28T22:15:56Z,2015-09-30T09:30:08Z,2014-07-01T03:32:50Z,git://github.com/ddrown/busybox.git
ffainelli/busybox,https://github.com/ffainelli/busybox,git://busybox.net/busybox.git,23492,0,0,2014-06-22T20:42:34Z,2014-06-22T20:42:36Z,2014-06-19T22:01:34Z,git://github.com/ffainelli/busybox.git
victure86/busybox,https://github.com/victure86/busybox,git://busybox.net/busybox.git,23492,1,0,2014-06-21T11:45:44Z,2015-01-11T13:53:25Z,2014-06-19T22:01:34Z,git://github.com/victure86/busybox.git
zhuqingcode/busybox,https://github.com/zhuqingcode/busybox,git://busybox.net/busybox.git,25209,0,0,2014-05-22T08:04:11Z,2014-05-22T08:04:13Z,2014-05-19T22:02:28Z,git://github.com/zhuqingcode/busybox.git
webbp/busybox,https://github.com/webbp/busybox,git://busybox.net/busybox.git,25205,0,0,2014-05-09T01:50:19Z,2014-05-09T01:50:21Z,2014-05-04T22:01:01Z,git://github.com/webbp/busybox.git
PeterDaveHello/busybox,https://github.com/PeterDaveHello/busybox,git://busybox.net/busybox.git,24611,0,0,2014-03-30T13:13:56Z,2015-06-09T08:11:07Z,2015-06-09T08:10:53Z,git://github.com/PeterDaveHello/busybox.git
graydon/busybox,https://github.com/graydon/busybox,git://busybox.net/busybox.git,23361,0,0,2014-02-28T06:11:11Z,2014-02-28T06:11:13Z,2014-02-27T23:00:43Z,git://github.com/graydon/busybox.git
b08060514/busybox,https://github.com/b08060514/busybox,git://busybox.net/busybox.git,13476,0,0,2013-09-23T14:23:12Z,2013-09-23T14:23:32Z,2013-08-25T22:02:09Z,git://github.com/b08060514/busybox.git
